Date,Actual_Temperature,Predicted_Temperature,Residual
1989-01-01,14.3,14.463783905034783,-0.1637839050347818
1989-01-02,17.4,14.542519157599779,2.8574808424002196
1989-01-03,18.5,16.185680341474743,2.314319658525257
1989-01-04,16.8,16.871575360748277,-0.07157536074827675
1989-01-05,11.5,16.08720576894893,-4.58720576894893
1989-01-06,9.5,13.300731419176028,-3.800731419176028
1989-01-07,12.2,12.083197021845631,0.11680297815436802
1989-01-08,15.7,13.331065075751283,2.368934924248716
1989-01-09,16.3,15.121276441265119,1.178723558734882
1989-01-10,13.6,15.105764714688418,-1.5057647146884179
1989-01-11,12.6,13.0447271388227,-0.4447271388227012
1989-01-12,13.8,12.267154662188187,1.532845337811814
1989-01-13,12.1,13.185671064479024,-1.0856710644790244
1989-01-14,13.4,13.163088802610844,0.23691119738915667
1989-01-15,17.3,13.777613816093288,3.522386183906713
1989-01-16,19.4,15.840615339884646,3.5593846601153523
1989-01-17,16.6,17.48805353666147,-0.8880535366614701
1989-01-18,13.9,15.760659472347388,-1.860659472347388
1989-01-19,13.1,13.259148528873057,-0.15914852887305742
1989-01-20,16.0,13.90992675556923,2.0900732444307693
1989-01-21,14.5,15.403339314048635,-0.903339314048635
1989-01-22,15.0,13.713267835353015,1.2867321646469847
1989-01-23,12.6,14.901913588250466,-2.301913588250466
1989-01-24,12.5,13.621814068358274,-1.1218140683582742
1989-01-25,15.2,13.488273829138057,1.711726170861942
1989-01-26,16.2,14.860139332417793,1.3398606675822062
1989-01-27,16.5,15.423228573134248,1.0767714268657524
1989-01-28,20.1,15.644874277927213,4.455125722072788
1989-01-29,20.6,18.01471470298369,2.5852852970163127
1989-01-30,16.9,18.40998676379356,-1.5099867637935631
1989-01-31,16.5,15.580544069096593,0.9194559309034069
1989-02-01,16.1,15.263540790273208,0.8364592097267938
1989-02-02,14.4,14.949643864911323,-0.5496438649113227
1989-02-03,16.3,15.053477498810775,1.2465225011892258
1989-02-04,15.7,16.02397181279303,-0.32397181279302956
1989-02-05,14.2,15.723010307038024,-1.5230103070380245
1989-02-06,13.2,14.914983212560658,-1.714983212560659
1989-02-07,16.8,14.32150052064566,2.4784994793543405
1989-02-08,18.5,16.169046656686444,2.3309533433135563
1989-02-09,16.7,16.833201403598313,-0.13320140359831356
1989-02-10,15.3,15.454622132779221,-0.15462213277922032
1989-02-11,15.9,14.373917445328214,1.5260825546717864
1989-02-12,15.2,14.83118917139941,0.3688108286005889
1989-02-13,17.5,15.482280106621383,2.017719893378617
1989-02-14,18.3,16.05968815977896,2.2403118402210396
1989-02-15,19.4,16.683693810597305,2.716306189402694
1989-02-16,19.4,17.51287901165739,1.887120988342609
1989-02-17,19.5,17.53778907099335,1.9622109290066483
1989-02-18,20.5,17.623158754763455,2.8768412452365446
1989-02-19,15.7,18.79661055975101,-3.09661055975101
1989-02-20,15.0,16.345782992840608,-1.3457829928406078
1989-02-21,16.1,14.183513970824615,1.9164860291753865
1989-02-22,14.3,16.438437556510245,-2.138437556510244
1989-02-23,13.0,15.443295991828185,-2.443295991828185
1989-02-24,16.2,14.65371225073115,1.5462877492688492
1989-02-25,17.7,16.24774024172491,1.4522597582750905
1989-02-26,13.2,17.050999290290463,-3.8509992902904635
1989-02-27,15.8,14.681343076598235,1.1186569234017654
1989-02-28,18.5,15.964403117535303,2.535596882464697
1989-03-01,20.4,17.402939501423827,2.9970604985761717
1989-03-02,22.0,18.51076011301767,3.489239886982329
1989-03-03,19.7,19.521386836950942,0.17861316304905728
1989-03-04,19.6,18.47555275007408,1.1244472499259217
1989-03-05,20.3,18.517310813335914,1.7826891866640864
1989-03-06,18.3,18.979380661611327,-0.6793806616113258
1989-03-07,18.9,18.00428665557126,0.8957133444287386
1989-03-08,20.3,18.35086422683342,1.9491357731665815
1989-03-09,21.4,19.14866835505857,2.251331644941427
1989-03-10,18.3,19.83252988193966,-1.5325298819396593
1989-03-11,17.8,18.283324699491853,-0.4833246994918525
1989-03-12,17.7,18.014944744451373,-0.314944744451374
1989-03-13,12.8,17.944186595011836,-5.144186595011835
1989-03-14,15.1,15.281924629542285,-0.1819246295422854
1989-03-15,15.0,16.32896278617384,-1.3289627861738396
1989-03-16,14.8,16.179180286316825,-1.3791802863168243
1989-03-17,12.0,15.97948702394936,-3.9794870239493605
1989-03-18,12.5,14.375387267429087,-1.8753872674290868
1989-03-19,15.0,14.45959233891213,0.5404076610878707
1989-03-20,17.1,15.658785386317588,1.4412146136824138
1989-03-21,17.3,16.742398047640247,0.5576019523597537
1989-03-22,16.9,16.878220503303613,0.02177949669638579
1989-03-23,16.5,16.694790787274638,-0.19479078727463772
1989-03-24,13.6,16.49457292751568,-2.8945729275156804
1989-03-25,13.2,14.928430922865896,-1.728430922865897
1989-03-26,9.4,14.608794753812123,-5.208794753812123
1989-03-27,9.5,12.441553677822847,-2.9415536778228475
1989-03-28,11.8,12.254351376828668,-0.4543513768286669
1989-03-29,10.4,13.286142198847907,-2.8861421988479066
1989-03-30,9.7,12.408482961949035,-2.708482961949036
1989-03-31,12.6,11.868148874643309,0.7318511253566911
1989-04-01,13.3,13.273669506702682,0.02633049329731918
1989-04-02,15.1,13.600937998318816,1.4990620016811835
1989-04-03,14.2,14.555930429993774,-0.35593042999377467
1989-04-04,14.2,14.109560044660304,0.09043995533969529
1989-04-05,19.2,14.116677688676988,5.083322311323011
1989-04-06,12.6,16.840299547850673,-4.2402995478506735
1989-04-07,14.2,13.440998291781925,0.759001708218074
1989-04-08,11.9,14.242384057213618,-2.342384057213618
1989-04-09,13.9,12.992829096718893,0.9071709032811075
1989-04-10,13.5,13.991050597085515,-0.4910505970855148
1989-04-11,15.3,13.767214047227549,1.5327859527724517
1989-04-12,13.9,14.721466623054164,-0.8214666230541638
1989-04-13,14.0,14.008250654016699,-0.008250654016698888
1989-04-14,12.9,14.053959471386229,-1.1539594713862282
1989-04-15,8.5,13.45405480530836,-4.95405480530836
1989-04-16,11.4,11.027003993876988,0.372996006123012
1989-04-17,10.9,12.40058408558814,-1.5005840855881392
1989-04-18,12.0,12.050970589607546,-0.0509705896075463
1989-04-19,8.6,12.556790797597847,-3.956790797597847
1989-04-20,9.0,10.669446951357003,-1.6694469513570027
1989-04-21,9.6,10.722151529861664,-1.1221515298616644
1989-04-22,10.2,10.911134942505122,-0.7111349425051223
1989-04-23,9.8,11.132842820207017,-1.3328428202070164
1989-04-24,8.3,10.841326151279691,-2.5413261512796907
1989-04-25,11.0,9.943025385840329,1.056974614159671
1989-04-26,11.9,11.279300229608245,0.6206997703917558
1989-04-27,14.0,11.746086932190574,2.2539130678094264
1989-04-28,15.8,12.899502432527125,2.9004975674728755
1989-04-29,14.5,13.966110001737928,0.5338899982620724
1989-04-30,13.2,13.404388037670046,-0.20438803767004643
1989-05-01,14.2,12.784075620239404,1.415924379760595
1989-05-02,14.6,13.359958091996809,1.2400419080031906
1989-05-03,11.8,13.643190104728474,-1.8431901047284729
1989-05-04,14.4,12.197215313490728,2.202784686509272
1989-05-05,10.4,13.577813480019994,-3.177813480019994
1989-05-06,10.3,11.47105030172808,-1.17105030172808
1989-05-07,10.8,11.33271990219289,-0.5327199021928894
1989-05-08,10.5,11.523213083048034,-1.0232130830480344
1989-05-09,9.5,11.303647132784741,-1.8036471327847412
1989-05-10,12.5,10.697466095174969,1.8025339048250313
1989-05-11,13.7,12.232750314003505,1.467249685996494
1989-05-12,12.7,12.905341871640625,-0.20534187164062523
1989-05-13,11.9,12.42458355998616,-0.5245835599861604
1989-05-14,11.4,12.011818383283822,-0.611818383283822
1989-05-15,9.7,11.731652240150169,-2.0316522401501693
1989-05-16,8.3,10.782693562518544,-2.482693562518543
1989-05-17,8.1,9.93700786689777,-1.8370078668977712
1989-05-18,11.7,9.699130317885087,2.000869682114912
1989-05-19,11.6,11.53031695761402,0.06968304238598044
1989-05-20,7.4,11.489294570543326,-4.089294570543325
1989-05-21,5.2,9.216487677479488,-4.016487677479488
1989-05-22,11.0,7.875048654948436,3.1249513450515636
1989-05-23,9.5,10.818547971172187,-1.3185479711721868
1989-05-24,9.2,10.017830298454289,-0.8178302984542896
1989-05-25,10.7,9.81395298109927,0.8860470189007295
1989-05-26,9.0,10.580388405609682,-1.580388405609682
1989-05-27,10.2,9.666369928544604,0.533630071455395
1989-05-28,10.3,10.26551209273978,0.03448790726022111
1989-05-29,12.1,10.314651626299819,1.785348373700181
1989-05-30,13.2,11.291067802011284,1.9089321979887153
1989-05-31,6.6,11.952607410688943,-5.352607410688943
1989-06-01,2.3,8.468928625315893,-6.1689286253158935
1989-06-02,1.4,5.981460419953006,-4.581460419953006
1989-06-03,2.1,5.189350632195676,-3.0893506321956763
1989-06-04,6.6,5.263575494084996,1.3364245059150033
1989-06-05,8.9,7.472372606838365,1.427627393161635
1989-06-06,7.8,8.660217957487568,-0.8602179574875679
1989-06-07,9.0,8.078018156140661,0.9219818438593386
1989-06-08,10.3,8.711610333267162,1.588389666732839
1989-06-09,7.9,9.445022629644525,-1.5450226296445244
1989-06-10,7.2,8.201895654529693,-1.0018956545296929
1989-06-11,8.6,7.795866485132458,0.8041335148675417
1989-06-12,8.8,8.512836614516697,0.28716338548330356
1989-06-13,6.2,8.628895186221369,-2.428895186221369
1989-06-14,9.5,7.223728817518125,2.2762711824818753
1989-06-15,10.2,8.94288823830834,1.2571117616916592
1989-06-16,9.7,9.368903194592773,0.33109680540722586
1989-06-17,11.2,9.161772644101053,2.0382273558989468
1989-06-18,10.2,10.022553469084793,0.17744653091520668
1989-06-19,10.1,9.569724609464677,0.5302753905353228
1989-06-20,8.1,9.56473225371628,-1.4647322537162797
1989-06-21,6.6,8.516045798651799,-1.9160457986517994
1989-06-22,5.0,7.6652538895637665,-2.6652538895637665
1989-06-23,4.7,6.708016930463932,-2.008016930463932
1989-06-24,5.3,6.408963818120474,-1.1089638181204746
1989-06-25,4.5,6.6016998947503565,-2.1016998947503565
1989-06-26,2.3,6.061370535233182,-3.7613705352331825
1989-06-27,1.4,4.7329746710963585,-3.3329746710963586
1989-06-28,0.5,4.043844726886739,-3.5438447268867392
1989-06-29,2.4,3.3354081756520353,-0.9354081756520354
1989-06-30,8.0,4.151116576688328,3.8488834233116718
1989-07-01,6.0,7.088139504333478,-1.088139504333478
1989-07-02,7.1,6.062473036320051,1.037526963679949
1989-07-03,9.7,6.6613182696628215,3.038681730337178
1989-07-04,6.9,8.123895406998725,-1.2238954069987251
1989-07-05,5.3,6.712031065924638,-1.412031065924638
1989-07-06,7.0,5.84966519080476,1.1503348091952397
1989-07-07,6.2,6.73810737183794,-0.5381073718379401
1989-07-08,7.0,6.320305079720371,0.679694920279629
1989-07-09,9.7,6.749241381811832,2.950758618188167
1989-07-10,8.0,8.249124770688743,-0.24912477068874317
1989-07-11,8.5,7.431480995055256,1.0685190049447444
1989-07-12,7.1,7.750339488738881,-0.6503394887388811
1989-07-13,7.5,7.042043665888491,0.4579563341115094
1989-07-14,3.3,7.265769513262091,-3.9657695132620914
1989-07-15,1.8,4.9832267257215355,-3.1832267257215356
1989-07-16,2.6,4.026672808166481,-1.4266728081664808
1989-07-17,5.3,4.289286750329834,1.0107132496701654
1989-07-18,5.8,5.638003138810449,0.16199686118955103
1989-07-19,5.8,5.88572770034815,-0.08572770034815047
1989-07-20,7.2,5.878985893865906,1.3210141061340943
1989-07-21,5.3,6.640918629063214,-1.3409186290632142
1989-07-22,1.6,5.642548436609652,-4.042548436609652
1989-07-23,3.1,3.5857469435603315,-0.48574694356033143
1989-07-24,5.3,4.251868150815308,1.048131849184692
1989-07-25,7.7,5.368318417631689,2.3316815823683115
1989-07-26,4.2,6.680059502443228,-2.480059502443228
1989-07-27,5.5,4.840232660565043,0.659767339434957
1989-07-28,9.0,5.502629151887366,3.4973708481126344
1989-07-29,11.2,7.421781496476004,3.7782185035239957
1989-07-30,8.0,8.755571673985415,-0.7555716739854148
1989-07-31,7.6,7.19053113044201,0.40946886955798956
1989-08-01,3.7,7.0345475172886305,-3.3345475172886303
1989-08-02,7.5,4.93942298860182,2.5605770113981796
1989-08-03,8.1,6.926274215013586,1.1737257849864138
1989-08-04,8.4,7.300302541524096,1.0996974584759043
1989-08-05,7.1,7.527652122155168,-0.4276521221551688
1989-08-06,7.6,6.883174206684399,0.7168257933156008
1989-08-07,7.6,7.174373318829476,0.4256266811705238
1989-08-08,5.6,7.207781755842267,-1.6077817558422671
1989-08-09,7.0,6.14185667183296,0.8581433281670403
1989-08-10,10.5,6.866995337073789,3.6330046629262114
1989-08-11,7.3,8.796495292042454,-1.4964952920424546
1989-08-12,7.8,7.175616720928507,0.6243832790714929
1989-08-13,5.8,7.459458174507114,-1.6594581745071144
1989-08-14,3.8,6.390011637944644,-2.5900116379446443
1989-08-15,5.8,5.246966806013138,0.5530331939868622
1989-08-16,6.7,6.230008067523619,0.4699919324763808
1989-08-17,6.6,6.689593403855979,-0.08959340385597958
1989-08-18,6.6,6.635600078813827,-0.035600078813827096
1989-08-19,9.0,6.632808728102927,2.367191271897073
1989-08-20,8.1,7.945601739309051,0.15439826069094842
1989-08-21,5.1,7.535017267596198,-2.4350172675961987
1989-08-22,8.6,5.93525720216108,2.6647427978389198
1989-08-23,7.0,7.787301530278674,-0.7873015302786737
1989-08-24,5.5,6.974650334412692,-1.4746503344126918
1989-08-25,7.4,6.155090324332198,1.2449096756678024
1989-08-26,6.2,7.144289414918594,-0.9442894149185941
1989-08-27,4.2,6.507235896606586,-2.307235896606586
1989-08-28,6.3,5.387761987259225,0.912238012740775
1989-08-29,7.0,6.444741128949545,0.5552588710504551
1989-08-30,4.0,6.816678806589972,-2.816678806589972
1989-08-31,8.0,5.188568253669823,2.811431746330177
1989-09-01,8.8,7.284778840386451,1.5152211596135494
1989-09-02,8.8,7.778888736378668,1.021111263621333
1989-09-03,6.1,7.859188706271806,-1.7591887062718063
1989-09-04,8.6,6.455117788779264,2.144882211220736
1989-09-05,8.9,7.795243613121073,1.1047563868789272
1989-09-06,7.8,8.022669402107732,-0.22266940210773267
1989-09-07,5.0,7.489510962612328,-2.4895109626123277
1989-09-08,7.0,5.981672170521319,1.0183278294786806
1989-09-09,13.3,6.999073902424228,6.300926097575773
1989-09-10,7.9,10.445588814711957,-2.545588814711957
1989-09-11,7.5,7.7153913065858735,-0.21539130658587347
1989-09-12,8.3,7.511318747298705,0.7886812527012959
1989-09-13,7.2,7.947591610698961,-0.7475916106989606
1989-09-14,6.5,7.374194660675365,-0.8741946606753652
1989-09-15,8.9,6.977989264358421,1.922010735641579
1989-09-16,7.4,8.251741017037427,-0.8517410170374262
1989-09-17,9.9,7.483227274365812,2.416772725634188
1989-09-18,9.3,8.842293018246384,0.457706981753617
1989-09-19,10.6,8.597779295540443,2.002220704459557
1989-09-20,8.6,9.36351038449051,-0.7635103844905107
1989-09-21,7.2,8.367977591631657,-1.167977591631657
1989-09-22,12.6,7.621237184327244,4.978762815672756
1989-09-23,7.8,10.537418840776606,-2.7374188407766065
1989-09-24,6.3,8.079194408772675,-1.7791944087726757
1989-09-25,9.2,7.238405812688995,1.9615941873110039
1989-09-26,5.8,8.746880959908006,-2.9468809599080066
1989-09-27,9.0,6.928269050712531,2.0717309492874687
1989-09-28,5.0,8.584363610379407,-3.584363610379407
1989-09-29,11.9,6.437171692936856,5.462828307063145
1989-09-30,13.4,10.081133984793485,3.318866015206515
1989-10-01,10.5,11.043546588302526,-0.5435465883025259
1989-10-02,6.2,9.649381133800158,-3.4493811338001583
1989-10-03,5.1,7.374683650929556,-2.274683650929556
1989-10-04,9.5,6.682083562786906,2.8179164372130936
1989-10-05,11.7,8.953843452176727,2.746156547823272
1989-10-06,9.2,10.194552130838293,-0.9945521308382936
1989-10-07,7.3,8.952143591695734,-1.6521435916957339
1989-10-08,9.7,7.937556977595215,1.762443022404784
1989-10-09,9.4,9.193428398338192,0.20657160166180866
1989-10-10,10.0,9.070104660992047,0.9298953390079525
1989-10-11,10.9,9.422601548818038,1.477398451181962
1989-10-12,11.0,9.957980354440137,1.0420196455598632
1989-10-13,10.9,10.086845077290992,0.8131549227090087
1989-10-14,8.0,10.104589553383466,-2.104589553383466
1989-10-15,11.2,8.588683147710196,2.6113168522898036
1989-10-16,7.5,10.283711789148613,-2.7837117891486134
1989-10-17,7.2,8.343304067421402,-1.1433040674214014
1989-10-18,13.2,8.113287050785566,5.086712949214434
1989-10-19,12.9,11.30310416831046,1.5968958316895403
1989-10-20,9.4,11.290791806705672,-1.8907918067056713
1989-10-21,10.2,9.514749230526913,0.685250769473086
1989-10-22,9.5,9.940580478232732,-0.4405804782327323
1989-10-23,12.4,9.58059835184392,2.819401648156081
1989-10-24,10.2,11.150388023012347,-0.9503880230123478
1989-10-25,13.4,10.053584622094794,3.346415377905206
1989-10-26,11.6,11.804086989890495,-0.20408698989049512
1989-10-27,8.0,10.952372077528004,-2.952372077528004
1989-10-28,9.0,9.04764987250373,-0.04764987250372954
1989-10-29,9.3,9.508008323633291,-0.20800832363329036
1989-10-30,13.5,9.630712027325922,3.869287972674078
1989-10-31,8.0,11.885479694383296,-3.885479694383296
1989-11-01,8.1,9.02794544663433,-0.9279454466343307
1989-11-02,10.0,9.000624238537862,0.9993757614621384
1989-11-03,8.5,9.96028119994764,-1.4602811999476408
1989-11-04,12.5,9.149768371447784,3.3502316285522156
1989-11-05,15.0,11.26756213303736,3.7324378669626395
1989-11-06,13.3,12.72251880423681,0.5774811957631911
1989-11-07,11.0,11.980514623357884,-0.9805146233578839
1989-11-08,11.9,10.836418103343778,1.0635818966562223
1989-11-09,8.3,11.337921302684553,-3.037921302684552
1989-11-10,9.7,9.428655382613876,0.2713446173861236
1989-11-11,11.3,10.09910928744849,1.2008907125515105
1989-11-12,12.5,10.9355976237966,1.5644023762034003
1989-11-13,9.4,11.615463981312724,-2.2154639813127233
1989-11-14,11.4,10.00386365183212,1.3961363481678806
1989-11-15,13.2,11.040780422796423,2.159219577203576
1989-11-16,13.8,12.045411281407478,1.7545887185925224
1989-11-17,16.0,12.462695217800707,3.5373047821992927
1989-11-18,10.9,13.763944875926398,-2.863944875926398
1989-11-19,11.9,11.172727683029112,0.7272723169708879
1989-11-20,12.4,11.693655110815817,0.7063448891841837
1989-11-21,13.2,11.981293743142057,1.218706256857942
1989-11-22,15.5,12.448586617295337,3.051413382704663
1989-11-23,21.6,13.756683411149904,7.843316588850097
1989-11-24,14.9,17.216676391407322,-2.316676391407322
1989-11-25,14.4,13.921402590069675,0.47859740993032496
1989-11-26,12.9,13.728516175794162,-0.8285161757941619
1989-11-27,13.1,12.96714839809035,0.13285160190964973
1989-11-28,14.0,13.070511905770061,0.9294880942299386
1989-11-29,17.9,13.561841699009667,4.338158300990331
1989-11-30,17.7,15.715981932868779,1.9840180671312204
1989-12-01,16.3,15.784623358330764,0.5153766416692367
1989-12-02,18.3,15.178256650570361,3.1217433494296394
1989-12-03,13.7,16.358256980991825,-2.658256980991826
1989-12-04,13.3,14.012614444601711,-0.7126144446017104
1989-12-05,10.6,13.769645911361367,-3.1696459113613678
1989-12-06,14.1,12.262066056501459,1.8379339434985411
1989-12-07,16.0,14.031907715083177,1.968092284916823
1989-12-08,16.5,15.069660106846728,1.4303398931532723
1989-12-09,14.1,15.416295455324038,-1.3162954553240382
1989-12-10,18.7,14.199502422417783,4.500497577582216
1989-12-11,16.2,16.690033096628756,-0.49003309662875694
1989-12-12,14.8,15.494231521211265,-0.6942315212112646
1989-12-13,12.6,14.791017641627421,-2.191017641627422
1989-12-14,10.4,13.596720692181568,-3.196720692181568
1989-12-15,12.2,12.320136630721839,-0.12013663072183967
1989-12-16,12.6,13.144056591042542,-0.5440565910425423
1989-12-17,12.1,13.28570346918347,-1.185703469183471
1989-12-18,17.3,12.9591820712401,4.3408179287599005
1989-12-19,16.4,15.713917611603852,0.6860823883961462
1989-12-20,12.6,15.35239971168002,-2.7523997116800203
1989-12-21,12.3,13.373393433104944,-1.0733934331049433
1989-12-22,11.8,13.14851778649941,-1.348517786499409
1989-12-23,12.0,12.809087253421215,-0.8090872534212146
1989-12-24,12.7,12.836970059768825,-0.13697005976882615
1989-12-25,16.4,13.150208318192785,3.2497916818072135
1989-12-26,16.0,15.122917312537252,0.8770826874627478
1989-12-27,13.3,15.0079044221668,-1.7079044221667985
1989-12-28,11.7,13.621262353115732,-1.9212623531157327
1989-12-29,10.4,12.727026925573657,-2.327026925573657
1989-12-30,14.4,11.938623977520898,2.4613760224791026
1989-12-31,12.7,13.987850468507565,-1.2878504685075658
1990-01-01,14.8,13.098105344254474,1.7018946557455266
1990-01-02,13.3,14.205908319440924,-0.9059083194409236
1990-01-03,15.6,13.439376359749014,2.1606236402509857
1990-01-04,14.5,14.6761102758241,-0.17611027582410088
1990-01-05,14.3,14.153043370106971,0.1469566298930296
1990-01-06,15.3,14.072213916094071,1.2277860839059294
1990-01-07,16.4,14.632966864289173,1.7670331357108253
1990-01-08,14.8,15.283238259593949,-0.48323825959394817
1990-01-09,17.4,14.504069152906863,2.895930847093135
1990-01-10,18.8,15.938765824607424,2.8612341753925765
1990-01-11,22.1,16.816858172482863,5.283141827517138
1990-01-12,19.0,18.77417614702335,0.22582385297664942
1990-01-13,15.5,17.354139259703523,-1.8541392597035227
1990-01-14,15.8,15.580904767207164,0.21909523279283682
1990-01-15,14.7,15.737705653308682,-1.0377056533086826
1990-01-16,10.7,15.14402054620517,-4.44402054620517
1990-01-17,11.5,12.930281739617502,-1.4302817396175023
1990-01-18,15.0,13.186608135286496,1.8133918647135037
1990-01-19,14.5,14.958037550448545,-0.45803755044854455
1990-01-20,14.5,14.689323137306427,-0.18932313730642747
1990-01-21,13.3,14.674276981606946,-1.3742769816069451
1990-01-22,14.3,14.007486992051687,0.2925130079483136
1990-01-23,14.3,14.495356290477737,-0.1953562904777364
1990-01-24,20.5,14.479827750813941,6.020172249186059
1990-01-25,15.0,17.838236646417243,-2.8382366464172435
1990-01-26,17.1,15.05814785897864,2.041852141021362
1990-01-27,16.9,16.19451826151417,0.7054817384858296
1990-01-28,16.9,16.158028074367003,0.7419719256329955
1990-01-29,13.6,16.217204196692084,-2.617204196692084
1990-01-30,16.4,14.478431164352742,1.921568835647257
1990-01-31,16.1,15.929646011359647,0.170353988640354
1990-02-01,12.0,15.804191068131436,-3.804191068131436
1990-02-02,12.2,13.601141766259458,-1.4011417662594585
1990-02-03,14.8,13.58169014215406,1.2183098578459415
1990-02-04,14.8,14.884245000406485,-0.08424500040648475
1990-02-05,14.4,14.877544997396123,-0.477544997396123
1990-02-06,12.9,14.654152859654326,-1.7541528596543259
1990-02-07,13.4,13.819277807058619,-0.4192778070586183
1990-02-08,15.9,14.017684233875844,1.8823157661241563
1990-02-09,16.1,15.326318703973287,0.7736812960267141
1990-02-10,17.6,15.480609189540607,2.119390810459395
1990-02-11,15.6,16.344821805028793,-0.7448218050287938
1990-02-12,15.0,15.3580980720897,-0.35809807208969957
1990-02-13,13.0,15.051445757319906,-2.0514457573199056
1990-02-14,14.1,13.96108203386519,0.13891796613480878
1990-02-15,17.3,14.482180395159373,2.8178196048406274
1990-02-16,15.7,16.18957553572394,-0.4895755357239402
1990-02-17,18.6,15.408924719822304,3.1910752801776976
1990-02-18,12.7,17.00697515186082,-4.306975151860822
1990-02-19,14.0,13.93116838731438,0.06883161268562077
1990-02-20,13.7,14.53853477718449,-0.8385347771844902
1990-02-21,16.3,14.332937655205727,1.9670623447942734
1990-02-22,20.0,15.692942868662806,4.307057131337194
1990-02-23,17.0,17.74913213078591,-0.7491321307859096
1990-02-24,15.2,16.299941144500053,-1.099941144500054
1990-02-25,16.5,15.37912299112163,1.1208770088783702
1990-02-26,16.5,16.070051104323337,0.42994889567666306
1990-02-27,17.3,16.104264753562898,1.1957352464371027
1990-02-28,19.1,16.56973724667095,2.530262753329051
1990-03-01,19.3,17.604792370794264,1.6952076292057363
1990-03-02,17.3,17.833090715554473,-0.5330907155544722
1990-03-03,19.0,16.86413312622714,2.1358668737728586
1990-03-04,19.8,17.82202600059351,1.9779739994064904
1990-03-05,19.3,18.351103778950346,0.9488962210496545
1990-03-06,17.2,18.195705423030656,-0.9957054230306568
1990-03-07,14.2,17.143020329523853,-2.943020329523854
1990-03-08,10.3,15.51726020107056,-5.217260201070559
1990-03-09,13.0,13.288113245965093,-0.2881132459650928
1990-03-10,15.3,14.51925862131317,0.7807413786868302
1990-03-11,15.0,15.64979802266617,-0.6497980226661699
1990-03-12,12.1,15.458957274698832,-3.3589572746988328
1990-03-13,9.2,13.845272406178633,-4.645272406178634
1990-03-14,11.0,12.12538739864676,-1.12538739864676
1990-03-15,15.0,12.872841593082477,2.1271584069175233
1990-03-16,11.6,14.90428228600447,-3.3042822860044705
1990-03-17,11.6,13.059783152206293,-1.4597831522062936
1990-03-18,15.1,12.943215112081578,2.1567848879184215
1990-03-19,15.0,14.743371723354914,0.2566282766450865
1990-03-20,13.6,14.717283233560616,-1.1172832335606167
1990-03-21,12.5,13.977217086985442,-1.4772170869854424
1990-03-22,14.3,13.348119164332646,0.9518808356673549
1990-03-23,16.0,14.260944508851312,1.7390554911486884
1990-03-24,17.4,15.189911234572477,2.210088765427521
1990-03-25,16.9,16.017199987825556,0.8828000121744424
1990-03-26,18.0,15.854718477811575,2.1452815221884247
1990-03-27,20.6,16.537284850151888,4.062715149848113
1990-03-28,14.2,18.07251222774073,-3.8725122277407316
1990-03-29,10.9,14.782567811987596,-3.8825678119875953
1990-03-30,11.9,12.938302245569094,-1.0383022455690938
1990-03-31,13.3,13.321697473630781,-0.02169747363078045
1990-04-01,15.3,13.972523661153355,1.3274763388466457
1990-04-02,14.7,15.009435938829327,-0.30943593882932774
1990-04-03,11.0,14.705390277693187,-3.705390277693187
1990-04-04,12.2,12.688784828904282,-0.4887848289042829
1990-04-05,14.2,13.20922809673948,0.9907719032605193
1990-04-06,17.0,14.219582907557793,2.7804170924422067
1990-04-07,15.8,15.744068682378474,0.05593131762152659
1990-04-08,15.2,15.189182873231989,0.01081712676801061
1990-04-09,15.1,14.910379076379595,0.18962092362040472
1990-04-10,14.7,14.878718736045675,-0.1787187360456759
1990-04-11,18.5,14.678189673609415,3.821810326390585
1990-04-12,16.4,16.750658200583104,-0.35065820058310493
1990-04-13,18.4,15.74406667048245,2.6559333295175485
1990-04-14,15.1,16.885989630556168,-1.785989630556168
1990-04-15,9.9,15.206801680619245,-5.306801680619245
1990-04-16,10.2,12.364612356081407,-2.164612356081408
1990-04-17,12.6,12.331844724679794,0.2681552753202059
1990-04-18,13.2,13.473281532986183,-0.27328153298618396
1990-04-19,11.5,13.731796266742377,-2.2317962667423767
1990-04-20,13.8,12.762536027144048,1.037463972855953
1990-04-21,14.5,13.917835494881176,0.5821645051188238
1990-04-22,14.7,14.290363291412593,0.4096367085874064
1990-04-23,11.2,14.415952099054897,-3.2159520990548973
1990-04-24,12.7,12.529656886958339,0.1703431130416604
1990-04-25,13.7,13.242924315295973,0.4570756847040265
1990-04-26,11.5,13.745465678227585,-2.2454656782275855
1990-04-27,10.4,12.54224716365577,-2.142247163655769
1990-04-28,8.9,11.859717005297485,-2.9597170052974846
1990-04-29,11.1,10.924740238436808,0.17525976156319167
1990-04-30,9.5,11.965633144801222,-2.465633144801222
1990-05-01,13.0,11.02284833436228,1.9771516656377202
1990-05-02,13.9,12.813599820709886,1.0864001792901146
1990-05-03,12.6,13.319967905683328,-0.7199679056833279
1990-05-04,14.3,12.65610951613303,1.6438904838669703
1990-05-05,16.0,13.579621495805563,2.420378504194437
1990-05-06,13.3,14.565067253030007,-1.265067253030006
1990-05-07,7.0,13.204128661219501,-6.204128661219501
1990-05-08,4.9,9.774651497419224,-4.874651497419224
1990-05-09,6.9,8.401274559773839,-1.5012745597738384
1990-05-10,13.7,9.215932946607952,4.484067053392048
1990-05-11,10.6,13.208670620783682,-2.6086706207836823
1990-05-12,12.3,10.826289043301246,1.4737109566987545
1990-05-13,11.1,12.020445031846554,-0.9204450318465547
1990-05-14,10.2,11.214088207497019,-1.0140882074970197
1990-05-15,9.5,10.872438239467678,-1.3724382394676784
1990-05-16,8.9,10.436626621943295,-1.5366266219432951
1990-05-17,13.4,10.034263206577222,3.365736793422778
1990-05-18,9.1,12.402889431428855,-3.3028894314288557
1990-05-19,9.4,10.133796268617317,-0.7337962686173167
1990-05-20,8.7,10.215376234865438,-1.515376234865439
1990-05-21,5.8,9.294323367045337,-3.494323367045337
1990-05-22,4.5,8.098407122737576,-3.5984071227375765
1990-05-23,7.2,7.200998789271633,-0.0009987892716329938
1990-05-24,10.0,8.46190395115043,1.5380960488495692
1990-05-25,10.5,9.89328428951274,0.6067157104872596
1990-05-26,10.7,10.737304922358742,-0.03730492235874294
1990-05-27,8.2,10.311048115777526,-2.1110481157775265
1990-05-28,6.1,8.974567424311791,-2.874567424311792
1990-05-29,4.5,7.307786303918795,-2.807786303918795
1990-05-30,6.1,6.029031148854438,0.07096885114556173
1990-05-31,9.8,7.293798411794031,2.50620158820597
1990-06-01,9.7,10.127489131743037,-0.4274891317430374
1990-06-02,8.2,9.346091018256772,-1.1460910182567723
1990-06-03,8.4,8.874132512255283,-0.47413251225528263
1990-06-04,8.5,9.035765452686233,-0.535765452686233
1990-06-05,10.4,9.112810145774255,1.2871898542257458
1990-06-06,6.8,9.696388596169173,-2.8963885961691735
1990-06-07,6.0,7.783443404628441,-1.783443404628441
1990-06-08,6.6,7.266876453972867,-0.6668764539728675
1990-06-09,7.8,7.49332173225384,0.30667826774616014
1990-06-10,10.3,8.078121051369633,2.2218789486303674
1990-06-11,7.2,9.423574478547994,-2.2235744785479943
1990-06-12,7.4,7.798215689720262,-0.3982156897202618
1990-06-13,11.4,7.859590375195556,3.540409624804444
1990-06-14,5.4,11.389872560999638,-5.989872560999638
1990-06-15,4.4,6.842898868029533,-2.4428988680295323
1990-06-16,6.4,6.180219097200641,0.2197809027993589
1990-06-17,9.3,7.129887151922896,2.170112848077105
1990-06-18,7.7,8.655480519265154,-0.9554805192651541
1990-06-19,8.1,7.8332394161156245,0.2667605838843752
1990-06-20,8.3,8.040993080894186,0.25900691910581486
1990-06-21,9.1,8.154939142377554,0.9450608576224457
1990-06-22,7.7,8.603422177326433,-0.9034221773264326
1990-06-23,10.6,7.878792032936534,2.7212079670634655
1990-06-24,8.2,9.447607147549112,-1.2476071475491128
1990-06-25,7.9,8.22969654502326,-0.3296965450232605
1990-06-26,5.2,8.063604203725612,-2.863604203725612
1990-06-27,5.9,6.542904298650653,-0.6429042986506524
1990-06-28,3.7,7.105077228055142,-3.4050772280551422
1990-06-29,5.6,5.38123769522438,0.21876230477561975
1990-06-30,9.4,6.851327856891797,2.5486721431082033
1990-07-01,7.4,9.834793952124121,-2.434793952124121
1990-07-02,7.3,8.285349356667314,-0.9853493566673146
1990-07-03,7.7,8.215425309885516,-0.5154253098855159
1990-07-04,7.7,8.532530082616278,-0.8325300826162776
1990-07-05,9.3,8.53456077074489,0.7654392292551115
1990-07-06,4.4,9.778341267685203,-5.378341267685203
1990-07-07,5.7,5.956500281507578,-0.2565002815075781
1990-07-08,10.2,6.968206101445447,3.2317938985545522
1990-07-09,10.2,8.86352873661305,1.336471263386949
1990-07-10,9.3,8.971064121407636,0.3289358785923646
1990-07-11,5.4,8.578534776831365,-3.1785347768313645
1990-07-12,5.0,6.6825765655779215,-1.6825765655779215
1990-07-13,7.6,6.368010911840839,1.2319890881591604
1990-07-14,9.6,8.39694064564651,1.2030593543534902
1990-07-15,10.4,8.620764998723413,1.7792350012765876
1990-07-16,11.2,9.13575937595412,2.0642406240458797
1990-07-17,9.1,9.673902758481564,-0.5739027584815641
1990-07-18,11.2,8.649824823314315,2.550175176685684
1990-07-19,6.8,9.831877364613955,-3.0318773646139556
1990-07-20,8.3,7.540654798628358,0.7593452013716426
1990-07-21,9.7,8.299559344903896,1.4004406550961033
1990-07-22,9.6,9.063047283907297,0.5369527160927028
1990-07-23,9.8,9.05948641894841,0.7405135810515908
1990-07-24,10.8,9.211835486524784,1.588164513475217
1990-07-25,9.2,9.804451881004194,-0.604451881004195
1990-07-26,6.5,9.01136894104265,-2.511368941042649
1990-07-27,8.1,7.553725357327396,0.5462746426726035
1990-07-28,7.3,8.342162109379979,-1.042162109379979
1990-07-29,7.9,7.886492247859198,0.013507752140802687
1990-07-30,6.0,8.16682267733048,-2.1668226773304795
1990-07-31,5.0,7.10922998201641,-2.1092299820164104
1990-08-01,6.8,6.474584296198327,0.3254157038016725
1990-08-02,9.8,7.338939603287535,2.4610603967124653
1990-08-03,5.7,8.932382449914552,-3.232382449914552
1990-08-04,8.6,6.765882225849522,1.834117774150478
1990-08-05,10.6,9.173349102127824,1.4266508978721752
1990-08-06,7.8,10.751668205618245,-2.951668205618245
1990-08-07,7.7,7.950251626331269,-0.2502516263312691
1990-08-08,8.6,7.883750993325394,0.7162490066746052
1990-08-09,6.5,8.35951104104788,-1.8595110410478792
1990-08-10,6.9,7.234455725234374,-0.33445572523437406
1990-08-11,6.4,7.393691581570027,-0.9936915815700269
1990-08-12,8.5,7.081740640473004,1.4182593595269957
1990-08-13,7.8,8.171614687320503,-0.37161468732050285
1990-08-14,9.3,7.81643227729848,1.4835677227015207
1990-08-15,8.4,8.632430177944421,-0.2324301779444209
1990-08-16,7.8,8.195386652777962,-0.3953866527779626
1990-08-17,7.4,7.88481289335014,-0.48481289335013944
1990-08-18,7.7,7.660096959801181,0.039903040198819184
1990-08-19,8.9,7.802774573805635,1.097225426194365
1990-08-20,9.7,8.448362290667767,1.2516377093322326
1990-08-21,9.9,8.92037686446594,0.9796231355340606
1990-08-22,6.1,9.091752146457917,-2.9917521464579178
1990-08-23,6.6,7.085939246132234,-0.4859392461322347
1990-08-24,7.6,7.279508775441403,0.32049122455859624
1990-08-25,7.4,8.399517967918852,-0.9995179679188517
1990-08-26,8.0,7.647502835764169,0.3524971642358308
1990-08-27,2.1,7.954599643095574,-5.854599643095574
1990-08-28,5.9,4.10330435896801,1.7966956410319908
1990-08-29,11.6,7.067192832718575,4.532807167281424
1990-08-30,8.6,9.64993748926672,-1.0499374892667195
1990-08-31,7.9,8.172667921522425,-0.2726679215224248
1990-09-01,6.0,7.825963518509925,-1.8259635185099254
1990-09-02,9.5,6.798258975633508,2.701741024366492
1990-09-03,8.6,9.870920048544086,-1.2709200485440864
1990-09-04,7.6,9.16838848375083,-1.5683884837508302
1990-09-05,10.4,8.387518911488987,2.012481088511013
1990-09-06,10.3,9.218558575612079,1.081441424387922
1990-09-07,7.5,9.25877539379472,-1.7587753937947195
1990-09-08,3.0,7.8191196055326895,-4.8191196055326895
1990-09-09,5.3,4.797751813429744,0.5022481865702559
1990-09-10,10.5,6.588105418337699,3.9118945816623008
1990-09-11,14.6,10.647021611129691,3.9529783888703083
1990-09-12,12.6,11.489131611442632,1.1108683885573676
1990-09-13,9.8,10.6497500697557,-0.8497500697557001
1990-09-14,7.2,9.280335317659409,-2.080335317659409
1990-09-15,10.1,7.90629109379663,2.1937089062033692
1990-09-16,10.4,9.428512283311447,0.9714877166885536
1990-09-17,3.7,9.645378985017821,-5.945378985017821
1990-09-18,7.3,6.060695772165406,1.2393042278345936
1990-09-19,11.6,7.831178810166774,3.7688211898332256
1990-09-20,16.3,10.125714168620869,6.174285831379132
1990-09-21,9.6,12.802916417504454,-3.202916417504454
1990-09-22,6.8,9.435274408422886,-2.6352744084228865
1990-09-23,5.2,7.926776539743851,-2.7267765397438506
1990-09-24,10.6,6.966406303505762,3.6335936964942377
1990-09-25,16.3,9.760297273273133,6.539702726726867
1990-09-26,9.8,12.925180949014532,-3.1251809490145313
1990-09-27,4.6,9.661647910502744,-5.061647910502744
1990-09-28,11.1,6.850459230305094,4.249540769694906
1990-09-29,8.7,10.197057105056144,-1.497057105056145
1990-09-30,10.0,8.968966413041933,1.031033586958067
1990-10-01,11.3,9.65162701000769,1.6483729899923105
1990-10-02,10.5,10.383514859689324,0.11648514031067592
1990-10-03,9.9,10.02328028247836,-0.12328028247836009
1990-10-04,11.0,9.736298745501324,1.2637012544986757
1990-10-05,14.0,10.34518886371233,3.6548111362876696
1990-10-06,9.2,12.02312981321378,-2.8231298132137805
1990-10-07,9.8,9.580564053430628,0.21943594656937293
1990-10-08,6.0,9.875050719210353,-3.8750507192103534
1990-10-09,9.8,7.811284509578425,1.9887154904215754
1990-10-10,9.2,9.724424598756526,-0.5244245987565268
1990-10-11,11.8,9.405806570410089,2.3941934295899117
1990-10-12,10.3,10.796029587099815,-0.49602958709981415
1990-10-13,7.5,10.064563349182048,-2.5645633491820483
1990-10-14,7.7,8.568674687094894,-0.8686746870948943
1990-10-15,15.8,8.591542888348272,7.208457111651729
1990-10-16,14.6,12.898973342158426,1.7010266578415738
1990-10-17,10.5,12.48361222816779,-1.9836122281677895
1990-10-18,11.3,10.43477714336024,0.8652228566397611
1990-10-19,10.9,10.872510822245493,0.02748917775450721
1990-10-20,6.4,10.6903993199877,-4.290399319987699
1990-10-21,10.9,8.274304826184265,2.6256951738157355
1990-10-22,9.0,10.557234640156935,-1.5572346401569348
1990-10-23,10.9,9.558468074017238,1.3415319259827623
1990-10-24,12.4,10.539966000357465,1.8600339996425355
1990-10-25,11.6,11.378706155784739,0.22129384421526055
1990-10-26,13.3,11.028173980513252,2.271826019486749
1990-10-27,14.4,11.992137111484139,2.4078628885158615
1990-10-28,18.4,12.691609190944916,5.708390809055082
1990-10-29,13.6,14.995490161010157,-1.3954901610101569
1990-10-30,14.9,12.669390638829153,2.2306093611708473
1990-10-31,14.8,13.448133015799192,1.351866984200809
1990-11-01,15.4,13.511299856677915,1.888700143322085
1990-11-02,11.8,13.94073752050257,-2.1407375205025687
1990-11-03,13.0,12.108436798742645,0.8915632012573553
1990-11-04,11.1,12.733473361792097,-1.6334733617920971
1990-11-05,12.5,11.726197316071369,0.7738026839286309
1990-11-06,18.3,12.433693731176632,5.866306268823369
1990-11-07,19.2,15.577480430114374,3.6225195698856254
1990-11-08,15.4,16.288964735546628,-0.8889647355466277
1990-11-09,13.1,14.464890753675727,-1.364890753675727
1990-11-10,11.5,13.294023612131165,-1.7940236121311646
1990-11-11,8.6,12.410811359076055,-3.8108113590760553
1990-11-12,12.6,10.763520626383292,1.836479373616708
1990-11-13,13.8,12.758248157151275,1.0417518428487256
1990-11-14,14.6,13.395352741106839,1.2046472588931607
1990-11-15,13.2,13.861037046478154,-0.661037046478155
1990-11-16,12.3,13.162319623368036,-0.8623196233680357
1990-11-17,8.8,12.678018061450906,-3.8780180614509057
1990-11-18,10.7,10.751909565027333,-0.05190956502733357
1990-11-19,9.9,11.62458654966002,-1.7245865496600192
1990-11-20,8.3,11.1170954139903,-2.8170954139903
1990-11-21,15.0,10.15209279459052,4.847907205409481
1990-11-22,12.2,13.632594373740368,-1.4325943737403684
1990-11-23,10.5,12.226597193035179,-1.726597193035179
1990-11-24,11.1,11.304772886043251,-0.2047728860432514
1990-11-25,13.0,11.565010466371167,1.4349895336288334
1990-11-26,12.9,12.555719329067422,0.3442806709325783
1990-11-27,8.8,12.537158051985006,-3.7371580519850056
1990-11-28,14.7,10.34855891648446,4.351441083515539
1990-11-29,14.7,13.414115010187945,1.285884989812054
1990-11-30,12.7,13.517401293734778,-0.817401293734779
1990-12-01,13.3,12.53105601872437,0.7689439812756316
1990-12-02,13.2,12.868791358538726,0.3312086414612736
1990-12-03,16.2,12.849250006903647,3.3507499930963522
1990-12-04,17.3,14.498760501049954,2.8012394989500464
1990-12-05,20.5,15.231087752865474,5.268912247134526
1990-12-06,20.2,17.133896457312645,3.0661035426873546
1990-12-07,19.4,17.246352356998308,2.1536476430016904
1990-12-08,15.5,17.05217975607542,-1.5521797560754216
1990-12-09,14.1,15.121437579987633,-1.0214375799876336
1990-12-10,11.0,14.390994400222754,-3.3909944002227537
1990-12-11,11.1,12.681881967975318,-1.5818819679753187
1990-12-12,14.0,12.60031462037475,1.3996853796252502
1990-12-13,11.4,14.056603637874701,-2.656603637874701
1990-12-14,12.5,12.639722927715658,-0.13972292771565797
1990-12-15,13.4,13.138352597040058,0.2616474029599427
1990-12-16,13.6,13.576317717002413,0.023682282997587123
1990-12-17,13.9,13.670892343020466,0.22910765697953472
1990-12-18,17.2,13.828164809190792,3.3718351908092075
1990-12-19,14.7,15.625958850818101,-0.9259588508181018
1990-12-20,15.4,14.393634368069838,1.0063656319301622
1990-12-21,13.1,14.798154906636176,-1.6981549066361765
1990-12-22,13.2,13.597302844286483,-0.3973028442864841
1990-12-23,13.9,13.611949096857158,0.28805090314284243
1990-12-24,10.0,13.9591907389015,-3.9591907389014995
1990-12-25,12.9,11.837037894110967,1.0629621058890333
1990-12-26,14.6,13.265451173598347,1.3345488264016527
1990-12-27,14.0,14.158981983495648,-0.1589819834956483
1990-12-28,13.6,13.868457988163728,-0.26845798816372834
1990-12-29,13.5,13.661849869460696,-0.16184986946069557
1990-12-30,15.7,13.602658927188763,2.0973410728112363
1990-12-31,13.0,14.788368346606536,-1.7883683466065357
